outlet_id,outlet_name,state_or_market,city_or_scope,website,website_active,sustained_journalism,immigrant_or_diaspora_serving,institutional_form,public_institutional_signals,eligibility_status,primary_evidence_url,verification_notes
FL001,Le Floridien,Florida,South Florida / Haitian diaspora,https://lefloridien.com/,yes,yes,yes,independent bilingual Haitian-American newspaper,founded 2001; twice-monthly; current Sept. 2026 editions; South Florida distribution and diaspora reporting,verified_include,https://lefloridien.com/about-us/,Excellent Haitian diaspora newsroom.
FL002,Island TV,Florida,Miami-Dade / South Florida,https://islandtv.tv/,yes,yes,yes,Caribbean/Haitian television network,current 2026 Haitian Creole news, local South Florida community reporting and Haiti-focused political/current-affairs programming,verified_include,https://ondemand.islandtv.tv/news,Strong Haitian/Caribbean broadcast-news case.
FL003,WQVN 1360,Florida,Miami / South Florida,https://wqvn.com/,yes,mixed_news_talk_entertainment,yes,Haitian community radio station,current schedule includes talk, health, finance and community programs; station describes itself as Haitian Voice of Miami,verified_include_mixed_format,https://wqvn.com/,Eligible mixed-format Haitian radio case.
FL004,WSRF 1580 AM / 99.5 FM,Florida,South Florida,https://wsrf.com/,yes,yes_mixed_radio,yes,Haitian-American radio station,over four decades; Creole/French programming; local/international news and community talk across Miami, Fort Lauderdale and Palm Beach,verified_include_mixed_format,https://wsrf.com/about-lat/,Strong Haitian diaspora radio case.
FL005,Radyo Lekol,Florida,Miami-Dade,https://www.wlrn.org/show/radyo-lekol,yes,yes_public_service_news,yes,Haitian Creole hosted educational-news program on WLRN,weekday 25-minute Haitian Creole news/information program produced by Miami-Dade County Public Schools,verified_include_hosted_program,https://www.wlrn.org/show/radyo-lekol,Important hosted public-service language program.
FL006,Miami Diario,Florida,Miami / South Florida,https://miamidiario.com/,yes,yes,yes,Spanish-language digital local-news outlet,active Sept. 2026 Miami/Florida reporting with strong immigrant-community utility,verified_include,https://miamidiario.com/,Strong current Spanish-language local case.
FL007,The Florida News,Florida,Miami / Orlando / Tampa / West Palm Beach,https://www.theflorida.news/,yes,yes,yes,independent Spanish-language statewide/local digital newsroom,current 2026 reporting; explicitly describes itself as independent journalism for Florida's Latino community across major metros,verified_include,https://www.theflorida.news/,Strong multi-metro Latino newsroom.
FL008,Florida Latino News,Florida,Statewide / South Florida,https://floridalatino.news/,yes,yes_mixed_news_pr,yes,Latino-oriented digital news/community publication,active Sept. 2026 statewide Latino/community coverage; mix includes news, events and promotional/community stories,verified_include_mixed_format,https://floridalatino.news/noticias/,Eligible mixed-format case; deeper pass should assess independent reporting share.
FL009,The Haitian Times - Florida service,New York / Florida market,South Florida market,https://haitiantimes.com/,yes,yes,yes,Haitian-American national/diaspora newsroom based outside Florida,substantial Haitian diaspora reporting relevant to South Florida; not Florida-based,multistate_market_case,https://haitiantimes.com/,Do not count as Florida-based; retain as major Florida-serving diaspora outlet.
FL010,Radyo FANM / Vwa FANM,Florida,Miami / South Florida,,yes_via_host,yes_public_affairs,yes,Haitian Creole community radio program hosted by Family Action Network Movement,2026 Little Haiti Book Festival guide documents 28-year program on WLVQ 1320 AM covering health, economic empowerment, family and community issues,verified_include_hosted_program,https://miamibookfair.com/wp-content/uploads/LHBF-Guide-2026_ONLINE-VS02.pdf,Strong long-running hosted Haitian community program.
